global_order,segment,road_chain,name_num,kind,name,x,y,z
1,1-3,A_1_to_hub,242,frame,BP_Segment_Rot_C_242,2.504098189,-0.028883000,-2.155708008
2,1-3,A_1_to_hub,243,frame,BP_Segment_Rot_C_243,23.444420860,-0.051019268,-3.210825195
3,1-3,A_1_to_hub,244,frame,BP_Segment_Rot_C_244,44.403037936,0.645779174,-4.083525391
4,1-3,A_1_to_hub,245,frame,BP_Segment_Rot_C_245,65.374568194,1.767937907,-4.848408203
5,1-3,A_1_to_hub,246,frame,BP_Segment_Rot_C_246,86.356115926,3.065925126,-5.568959961
6,1-3,A_1_to_hub,247,frame,BP_Segment_Rot_C_247,107.343243514,4.306685584,-6.304394531
7,1-3,A_1_to_hub,248,frame,BP_Segment_Rot_C_248,128.330255756,5.251079737,-7.115380859
8,1-3,A_1_to_hub,249,frame,BP_Segment_Rot_C_249,149.308791880,5.630178938,-8.070092773
9,1-3,A_1_to_hub,250,frame,BP_Segment_Rot_C_250,170.257923674,5.112992368,-9.251865234
10,1-3,A_1_to_hub,251,frame,BP_Segment_Rot_C_251,191.110034268,3.260771042,-10.769218750
11,1-3,A_1_to_hub,252,frame,BP_Segment_Rot_C_252,211.664725358,-0.530499721,-12.766142578
12,1-3,A_1_to_hub,253,frame,BP_Segment_Rot_C_253,231.516385348,-7.148250268,-15.417026367
13,1-3,A_1_to_hub,254,frame,BP_Segment_Rot_C_254,248.772257175,-18.400154219,-18.241303711
14,1-3,A_1_to_hub,255,frame,BP_Segment_Rot_C_255,262.416123737,-33.929937718,-21.038349609
15,1-3,A_1_to_hub,256,frame,BP_Segment_Rot_C_256,273.308831535,-51.653455926,-23.996899414
16,1-3,A_1_to_hub,257,frame,BP_Segment_Rot_C_257,283.165241065,-69.866014959,-27.380283203
17,1-3,A_1_to_hub,258,frame,BP_Segment_Rot_C_258,293.655844692,-87.543829583,-31.459775391
18,1-3,A_1_to_hub,259,frame,BP_Segment_Rot_C_259,305.991244137,-103.680989066,-36.401396484
19,1-3,A_1_to_hub,260,frame,BP_Segment_Rot_C_260,320.712799190,-117.263092895,-42.171269531
20,1-3,A_1_to_hub,261,frame,BP_Segment_Rot_C_261,337.604414707,-127.675383965,-48.534101562
21,1-3,A_1_to_hub,262,frame,BP_Segment_Rot_C_262,356.531694623,-135.124640452,-55.391533203
22,1-3,A_1_to_hub,263,frame,BP_Segment_Rot_C_263,375.600931231,-140.058467912,-62.421718750
23,1-3,A_1_to_hub,265,frame,BP_Segment_Rot_C_265,414.600889019,-144.240949695,-77.534013672
24,1-3,A_1_to_hub,266,frame,BP_Segment_Rot_C_266,434.105205785,-143.759311451,-85.387041016
25,1-3,A_1_to_hub,267,frame,BP_Segment_Rot_C_267,453.483640835,-141.812063308,-93.333017578
26,1-3,A_1_to_hub,268,frame,BP_Segment_Rot_C_268,472.684836227,-138.604234364,-101.300322266
27,1-3,A_1_to_hub,269,frame,BP_Segment_Rot_C_269,491.673988987,-134.374926619,-109.202021484
28,1-3,A_1_to_hub,270,frame,BP_Segment_Rot_C_270,510.450005296,-129.480375590,-116.902919922
29,1-3,A_1_to_hub,271,frame,BP_Segment_Rot_C_271,529.629998148,-124.829503997,-124.186083984
30,1-3,A_1_to_hub,272,frame,BP_Segment_Rot_C_272,549.293104921,-119.919576684,-128.995615234
31,1-3,A_1_to_hub,274,frame,BP_Segment_Rot_C_274,587.632175305,-103.190891995,-132.193955078
32,1-3,manual_conn_1to3,,connector,manual_conn_1to3_000,587.908485187,-103.628348641,-133.320846558
33,1-3,manual_conn_1to3,,connector,manual_conn_1to3_001,592.431556606,-101.447867953,-133.623291016
34,1-3,manual_conn_1to3,,connector,manual_conn_1to3_002,597.052406331,-99.501121403,-133.913391113
35,1-3,manual_conn_1to3,,connector,manual_conn_1to3_003,601.697731155,-97.544929663,-133.913391113
36,1-3,manual_conn_1to3,,connector,manual_conn_1to3_004,606.331215158,-95.595924812,-134.108657837
37,1-3,manual_conn_1to3,,connector,manual_conn_1to3_005,610.941582304,-93.656516220,-134.570709229
38,1-3,manual_conn_1to3,,connector,manual_conn_1to3_006,615.596128652,-91.697071754,-134.750534058
39,1-3,manual_conn_1to3,,connector,manual_conn_1to3_007,620.304508390,-89.701652976,-134.750534058
40,1-3,manual_conn_1to3,,connector,manual_conn_1to3_008,624.963127591,-87.708693889,-134.750534058
41,1-3,manual_conn_1to3,,connector,manual_conn_1to3_009,629.582055806,-85.666473475,-134.750534058
42,1-3,manual_conn_1to3,,connector,manual_conn_1to3_010,634.148074108,-83.531193551,-134.914688110
43,1-3,manual_conn_1to3,,connector,manual_conn_1to3_011,638.662294338,-81.270652804,-135.453262329
44,1-3,manual_conn_1to3,,connector,manual_conn_1to3_012,643.149238317,-78.904880321,-135.443969727
45,1-3,manual_conn_1to3,,connector,manual_conn_1to3_013,647.633081236,-76.498465549,-135.444320679
46,1-3,manual_conn_1to3,,connector,manual_conn_1to3_014,652.110502823,-74.077946749,-135.444320679
47,1-3,manual_conn_1to3,,connector,manual_conn_1to3_015,656.599533880,-71.634915588,-135.444320679
48,1-3,manual_conn_1to3,,connector,manual_conn_1to3_016,661.078059533,-69.185337472,-135.444320679
49,1-3,manual_conn_1to3,,connector,manual_conn_1to3_017,665.538488301,-66.707053233,-135.444320679
50,1-3,manual_conn_1to3,,connector,manual_conn_1to3_018,669.976116103,-64.187452385,-135.444320679
51,1-3,manual_conn_1to3,,connector,manual_conn_1to3_019,674.330433070,-61.646742401,-135.444320679
52,1-3,manual_conn_1to3,,connector,manual_conn_1to3_020,679.389567696,-60.320069415,-135.444320679
53,1-3,manual_conn_1to3,,connector,manual_conn_1to3_021,683.714583491,-57.708668314,-135.444320679
54,1-3,manual_conn_1to3,,connector,manual_conn_1to3_022,687.947955815,-54.908710236,-135.444320679
55,1-3,manual_conn_1to3,,connector,manual_conn_1to3_023,692.067690188,-51.961847209,-135.444320679
56,1-3,manual_conn_1to3,,connector,manual_conn_1to3_024,695.998775964,-48.832011507,-135.444320679
57,1-3,manual_conn_1to3,,connector,manual_conn_1to3_025,699.573439875,-45.434902835,-135.444320679
58,1-3,manual_conn_1to3,,connector,manual_conn_1to3_026,702.789603456,-41.769738930,-135.444320679
59,1-3,manual_conn_1to3,,connector,manual_conn_1to3_027,705.656131250,-37.897998262,-135.444320679
60,1-3,manual_conn_1to3,,connector,manual_conn_1to3_028,707.803642873,-33.962740426,-135.444320679
61,1-3,manual_conn_1to3,,connector,manual_conn_1to3_029,708.901116639,-29.476267741,-135.444320679
62,1-3,manual_conn_1to3,,connector,manual_conn_1to3_030,708.687257246,-24.449096121,-135.444320679
63,1-3,manual_conn_1to3,,connector,manual_conn_1to3_031,707.894693793,-19.456245208,-135.025772095
64,1-3,manual_conn_1to3,,connector,manual_conn_1to3_032,707.144812635,-14.479035461,-134.511749268
65,1-3,manual_conn_1to3,,connector,manual_conn_1to3_033,706.409002113,-9.503925795,-135.034240723
66,1-3,manual_conn_1to3,,connector,manual_conn_1to3_034,705.682605317,-4.527523943,-135.023452759
67,1-3,manual_conn_1to3,,connector,manual_conn_1to3_035,704.963683259,0.460662792,-135.023452759
68,1-3,manual_conn_1to3,,connector,manual_conn_1to3_036,704.207120620,5.418629620,-134.681167603
69,1-3,manual_conn_1to3,,connector,manual_conn_1to3_037,703.406661952,10.369510734,-134.684753418
70,1-3,manual_conn_1to3,,connector,manual_conn_1to3_038,702.508735698,15.308884886,-134.684753418
71,1-3,manual_conn_1to3,,connector,manual_conn_1to3_039,701.141586481,20.134748625,-134.684753418
72,1-3,manual_conn_1to3,,connector,manual_conn_1to3_040,700.294837566,22.508142266,-134.684753418
73,1-3,B_hub_to_3,3005,frame,BP_Segment_Rot_C_3005,701.168920412,22.789002326,-134.458964844
74,1-3,B_hub_to_3,3004,frame,BP_Segment_Rot_C_3004,694.967363227,43.429456472,-134.762812500
75,1-3,B_hub_to_3,3003,frame,BP_Segment_Rot_C_3003,689.869218484,64.315240299,-134.588320313
76,1-3,B_hub_to_3,3002,frame,BP_Segment_Rot_C_3002,687.399341086,85.622002312,-133.536796875
77,1-3,B_hub_to_3,3001,frame,BP_Segment_Rot_C_3001,688.974065016,106.833203866,-131.466621094
78,1-3,B_hub_to_3,3000,frame,BP_Segment_Rot_C_3000,693.459033084,127.742433731,-129.485019531
79,1-3,B_hub_to_3,2998,frame,BP_Segment_Rot_C_2998,705.334978741,168.922984078,-124.802285156
80,1-3,B_hub_to_3,2997,frame,BP_Segment_Rot_C_2997,711.533778571,189.269773566,-121.451074219
81,1-3,B_hub_to_3,2996,frame,BP_Segment_Rot_C_2996,717.287020761,209.498790770,-116.833789063
82,1-3,B_hub_to_3,2995,frame,BP_Segment_Rot_C_2995,721.793892105,229.371435678,-110.080839844
83,1-3,B_hub_to_3,2994,frame,BP_Segment_Rot_C_2994,724.858742630,248.425852208,-101.121503906
84,1-3,B_hub_to_3,2993,frame,BP_Segment_Rot_C_2993,727.452171229,267.631486199,-91.520742188
85,1-3,B_hub_to_3,2992,frame,BP_Segment_Rot_C_2992,729.206078189,286.785270240,-82.001191406
86,1-3,B_hub_to_3,2991,frame,BP_Segment_Rot_C_2991,729.891691240,306.206266972,-72.778188477
87,1-3,B_hub_to_3,2990,frame,BP_Segment_Rot_C_2990,729.239235770,325.913240104,-64.149819336
88,1-3,B_hub_to_3,2989,frame,BP_Segment_Rot_C_2989,726.954248823,345.854221709,-56.434790039
89,1-3,B_hub_to_3,2988,frame,BP_Segment_Rot_C_2988,722.725534211,365.899879995,-49.988305664
90,1-3,B_hub_to_3,2987,frame,BP_Segment_Rot_C_2987,716.047353200,385.543671412,-45.218862305
91,1-3,B_hub_to_3,2986,frame,BP_Segment_Rot_C_2986,705.102550475,403.701210598,-42.033129883
92,1-3,B_hub_to_3,2985,frame,BP_Segment_Rot_C_2985,691.298511308,420.061605458,-39.950649414
93,1-3,B_hub_to_3,2984,frame,BP_Segment_Rot_C_2984,675.819077769,434.964934063,-38.570844727
94,1-3,B_hub_to_3,2983,frame,BP_Segment_Rot_C_2983,659.266178802,448.740155855,-37.632133789
95,1-3,B_hub_to_3,2982,frame,BP_Segment_Rot_C_2982,641.982482769,461.622973592,-36.957875977
96,1-3,B_hub_to_3,2981,frame,BP_Segment_Rot_C_2981,624.186647116,473.772972111,-36.414438477
97,1-3,B_hub_to_3,2980,frame,BP_Segment_Rot_C_2980,606.038758960,485.304023862,-35.884213867
98,1-3,B_hub_to_3,2979,frame,BP_Segment_Rot_C_2979,587.628416886,496.319065052,-35.243110352
99,1-3,B_hub_to_3,2978,frame,BP_Segment_Rot_C_2978,568.922131869,506.954729885,-34.325629883
100,1-3,B_hub_to_3,2977,frame,BP_Segment_Rot_C_2977,550.128391520,517.201708619,-32.875766602
101,3-5,B_3_to_hub,2977,frame,BP_Segment_Rot_C_2977,550.128391520,517.201708619,-32.875766602
102,3-5,B_3_to_hub,2978,frame,BP_Segment_Rot_C_2978,568.922131869,506.954729885,-34.325629883
103,3-5,B_3_to_hub,2979,frame,BP_Segment_Rot_C_2979,587.628416886,496.319065052,-35.243110352
104,3-5,B_3_to_hub,2980,frame,BP_Segment_Rot_C_2980,606.038758960,485.304023862,-35.884213867
105,3-5,B_3_to_hub,2981,frame,BP_Segment_Rot_C_2981,624.186647116,473.772972111,-36.414438477
106,3-5,B_3_to_hub,2982,frame,BP_Segment_Rot_C_2982,641.982482769,461.622973592,-36.957875977
107,3-5,B_3_to_hub,2983,frame,BP_Segment_Rot_C_2983,659.266178802,448.740155855,-37.632133789
108,3-5,B_3_to_hub,2984,frame,BP_Segment_Rot_C_2984,675.819077769,434.964934063,-38.570844727
109,3-5,B_3_to_hub,2985,frame,BP_Segment_Rot_C_2985,691.298511308,420.061605458,-39.950649414
110,3-5,B_3_to_hub,2986,frame,BP_Segment_Rot_C_2986,705.102550475,403.701210598,-42.033129883
111,3-5,B_3_to_hub,2987,frame,BP_Segment_Rot_C_2987,716.047353200,385.543671412,-45.218862305
112,3-5,B_3_to_hub,2988,frame,BP_Segment_Rot_C_2988,722.725534211,365.899879995,-49.988305664
113,3-5,B_3_to_hub,2989,frame,BP_Segment_Rot_C_2989,726.954248823,345.854221709,-56.434790039
114,3-5,B_3_to_hub,2990,frame,BP_Segment_Rot_C_2990,729.239235770,325.913240104,-64.149819336
115,3-5,B_3_to_hub,2991,frame,BP_Segment_Rot_C_2991,729.891691240,306.206266972,-72.778188477
116,3-5,B_3_to_hub,2992,frame,BP_Segment_Rot_C_2992,729.206078189,286.785270240,-82.001191406
117,3-5,B_3_to_hub,2993,frame,BP_Segment_Rot_C_2993,727.452171229,267.631486199,-91.520742188
118,3-5,B_3_to_hub,2994,frame,BP_Segment_Rot_C_2994,724.858742630,248.425852208,-101.121503906
119,3-5,B_3_to_hub,2995,frame,BP_Segment_Rot_C_2995,721.793892105,229.371435678,-110.080839844
120,3-5,B_3_to_hub,2996,frame,BP_Segment_Rot_C_2996,717.287020761,209.498790770,-116.833789063
121,3-5,B_3_to_hub,2997,frame,BP_Segment_Rot_C_2997,711.533778571,189.269773566,-121.451074219
122,3-5,B_3_to_hub,2998,frame,BP_Segment_Rot_C_2998,705.334978741,168.922984078,-124.802285156
123,3-5,B_3_to_hub,3000,frame,BP_Segment_Rot_C_3000,693.459033084,127.742433731,-129.485019531
124,3-5,B_3_to_hub,3001,frame,BP_Segment_Rot_C_3001,688.974065016,106.833203866,-131.466621094
125,3-5,B_3_to_hub,3002,frame,BP_Segment_Rot_C_3002,687.399341086,85.622002312,-133.536796875
126,3-5,B_3_to_hub,3003,frame,BP_Segment_Rot_C_3003,689.869218484,64.315240299,-134.588320313
127,3-5,B_3_to_hub,3004,frame,BP_Segment_Rot_C_3004,694.967363227,43.429456472,-134.762812500
128,3-5,B_3_to_hub,3005,frame,BP_Segment_Rot_C_3005,701.168920412,22.789002326,-134.458964844
129,3-5,manual_conn_3to5,,connector,manual_conn_3to5_000,701.149459506,22.573407763,-134.553314209
130,3-5,manual_conn_3to5,,connector,manual_conn_3to5_001,702.486190168,17.627196822,-134.289031982
131,3-5,manual_conn_3to5,,connector,manual_conn_3to5_002,703.731123954,12.651775796,-134.024444580
132,3-5,manual_conn_3to5,,connector,manual_conn_3to5_003,704.879502202,7.658863969,-133.760162354
133,3-5,manual_conn_3to5,,connector,manual_conn_3to5_004,705.896613599,2.637540036,-133.495880127
134,3-5,manual_conn_3to5,,connector,manual_conn_3to5_005,706.777848390,-2.394947334,-133.681121826
135,3-5,manual_conn_3to5,,connector,manual_conn_3to5_006,707.519299023,-7.445352749,-133.934265137
136,3-5,manual_conn_3to5,,connector,manual_conn_3to5_007,708.169076879,-12.533039886,-134.185333252
137,3-5,manual_conn_3to5,,connector,manual_conn_3to5_008,708.722536933,-17.613230873,-134.435531616
138,3-5,manual_conn_3to5,,connector,manual_conn_3to5_009,709.060935159,-22.713809129,-134.686019897
139,3-5,manual_conn_3to5,,connector,manual_conn_3to5_010,709.222431167,-27.829909716,-134.937088013
140,3-5,manual_conn_3to5,,connector,manual_conn_3to5_011,709.293434261,-32.931243516,-135.187576294
141,3-5,manual_conn_3to5,,connector,manual_conn_3to5_012,709.346006946,-38.029153739,-135.438064575
142,3-5,manual_conn_3to5,,connector,manual_conn_3to5_013,709.365361183,-43.132909009,-135.689849854
143,3-5,manual_conn_3to5,,connector,manual_conn_3to5_014,709.365611261,-48.301978957,-135.921905518
144,3-5,manual_conn_3to5,,connector,manual_conn_3to5_015,709.365594325,-53.505013321,-136.153839111
145,3-5,manual_conn_3to5,,connector,manual_conn_3to5_016,709.365356042,-58.670005640,-136.383743286
146,3-5,manual_conn_3to5,,connector,manual_conn_3to5_017,709.365153106,-63.879158248,-136.615676880
147,3-5,manual_conn_3to5,,connector,manual_conn_3to5_018,709.365093537,-69.076644989,-136.847320557
148,3-5,manual_conn_3to5,,connector,manual_conn_3to5_019,709.365090941,-74.257529159,-136.843124390
149,3-5,manual_conn_3to5,,connector,manual_conn_3to5_020,709.365090635,-79.392722030,-136.601119995
150,3-5,manual_conn_3to5,,connector,manual_conn_3to5_021,709.365090326,-84.586417098,-136.357284546
151,3-5,manual_conn_3to5,,connector,manual_conn_3to5_022,709.365090022,-89.681502242,-136.613449097
152,3-5,manual_conn_3to5,,connector,manual_conn_3to5_023,709.365089712,-94.881697555,-136.365280151
153,3-5,manual_conn_3to5,,connector,manual_conn_3to5_024,709.377906785,-100.081892868,-136.121139526
154,3-5,manual_conn_3to5,,connector,manual_conn_3to5_025,709.431739489,-105.170508289,-135.862228394
155,3-5,manual_conn_3to5,,connector,manual_conn_3to5_026,709.535010673,-110.213354975,-135.457443237
156,3-5,manual_conn_3to5,,connector,manual_conn_3to5_027,709.727576289,-115.282927435,-135.081466675
157,3-5,manual_conn_3to5,,connector,manual_conn_3to5_028,710.150976870,-120.279181427,-134.713424683
158,3-5,manual_conn_3to5,,connector,manual_conn_3to5_029,710.884924329,-125.226744643,-135.029159546
159,3-5,manual_conn_3to5,,connector,manual_conn_3to5_030,712.004613978,-130.128241597,-135.159744263
160,3-5,manual_conn_3to5,,connector,manual_conn_3to5_031,714.008642021,-134.780783830,-135.343154907
161,3-5,manual_conn_3to5,,connector,manual_conn_3to5_032,717.297826361,-138.657966033,-135.719131470
162,3-5,E_hub_to_5,4249,frame,BP_Segment_Rot_C_4249,748.225262260,-157.726482444,-134.118027344
163,3-5,E_hub_to_5,4247,frame,BP_Segment_Rot_C_4247,783.939786950,-177.010986740,-123.649082031
164,3-5,E_hub_to_5,4246,frame,BP_Segment_Rot_C_4246,801.323578757,-185.582637528,-115.601406250
165,3-5,E_hub_to_5,4245,frame,BP_Segment_Rot_C_4245,818.158543039,-194.603177473,-106.864121094
166,3-5,E_hub_to_5,4244,frame,BP_Segment_Rot_C_4244,834.228798217,-205.202674308,-98.494433594
167,3-5,E_hub_to_5,4243,frame,BP_Segment_Rot_C_4243,849.014496772,-218.477173099,-91.943984375
168,3-5,E_hub_to_5,4242,frame,BP_Segment_Rot_C_4242,861.504776275,-234.834722927,-88.643945312
169,3-5,E_hub_to_5,4241,frame,BP_Segment_Rot_C_4241,870.408308497,-253.580754819,-85.834941406
170,3-5,E_hub_to_5,4239,frame,BP_Segment_Rot_C_4239,882.097380988,-293.385641021,-78.727319336
171,3-5,E_hub_to_5,4238,frame,BP_Segment_Rot_C_4238,887.349343592,-313.397319173,-74.982250977
172,3-5,E_hub_to_5,4237,frame,BP_Segment_Rot_C_4237,893.486439118,-333.168755812,-71.338803711
173,3-5,E_hub_to_5,4236,frame,BP_Segment_Rot_C_4236,901.514100522,-352.298748286,-68.002944336
174,3-5,E_hub_to_5,4235,frame,BP_Segment_Rot_C_4235,912.520891719,-369.904131512,-65.295659180
175,3-5,E_hub_to_5,4234,frame,BP_Segment_Rot_C_4234,927.281758803,-384.495110721,-63.636088867
176,3-5,E_hub_to_5,4233,frame,BP_Segment_Rot_C_4233,945.377049668,-394.955148303,-63.329458008
177,3-5,E_hub_to_5,4232,frame,BP_Segment_Rot_C_4232,965.044246295,-402.207567963,-64.166284180
178,3-5,E_hub_to_5,4231,frame,BP_Segment_Rot_C_4231,985.371410267,-407.252765951,-65.679262695
179,3-5,E_hub_to_5,4230,frame,BP_Segment_Rot_C_4230,1005.969247103,-410.804170666,-67.564780273
180,3-5,E_hub_to_5,4229,frame,BP_Segment_Rot_C_4229,1026.742822653,-413.338977063,-69.630571289
181,3-5,E_hub_to_5,4228,frame,BP_Segment_Rot_C_4228,1047.617495529,-415.190187548,-71.741352539
182,3-5,E_hub_to_5,4227,frame,BP_Segment_Rot_C_4227,1068.545246889,-416.604173893,-73.789575195
183,3-5,E_hub_to_5,4226,frame,BP_Segment_Rot_C_4226,1089.418523407,-417.780542084,-75.678715820
184,3-5,E_hub_to_5,4225,frame,BP_Segment_Rot_C_4225,1110.348204360,-418.896988847,-77.332075195
185,3-5,E_hub_to_5,4224,frame,BP_Segment_Rot_C_4224,1131.313443425,-420.116716078,-78.656284180
186,3-5,E_hub_to_5,4223,frame,BP_Segment_Rot_C_4223,1152.250314732,-421.605897112,-79.544301758
187,3-5,E_hub_to_5,4222,frame,BP_Segment_Rot_C_4222,1173.101015536,-423.547186907,-79.872094727
188,5-8,E_5_to_hub,4222,frame,BP_Segment_Rot_C_4222,1173.101015536,-423.547186907,-79.872094727
189,5-8,E_5_to_hub,4223,frame,BP_Segment_Rot_C_4223,1152.250314732,-421.605897112,-79.544301758
190,5-8,E_5_to_hub,4224,frame,BP_Segment_Rot_C_4224,1131.313443425,-420.116716078,-78.656284180
191,5-8,E_5_to_hub,4225,frame,BP_Segment_Rot_C_4225,1110.348204360,-418.896988847,-77.332075195
192,5-8,E_5_to_hub,4226,frame,BP_Segment_Rot_C_4226,1089.418523407,-417.780542084,-75.678715820
193,5-8,E_5_to_hub,4227,frame,BP_Segment_Rot_C_4227,1068.545246889,-416.604173893,-73.789575195
194,5-8,E_5_to_hub,4228,frame,BP_Segment_Rot_C_4228,1047.617495529,-415.190187548,-71.741352539
195,5-8,E_5_to_hub,4229,frame,BP_Segment_Rot_C_4229,1026.742822653,-413.338977063,-69.630571289
196,5-8,E_5_to_hub,4230,frame,BP_Segment_Rot_C_4230,1005.969247103,-410.804170666,-67.564780273
197,5-8,E_5_to_hub,4231,frame,BP_Segment_Rot_C_4231,985.371410267,-407.252765951,-65.679262695
198,5-8,E_5_to_hub,4232,frame,BP_Segment_Rot_C_4232,965.044246295,-402.207567963,-64.166284180
199,5-8,E_5_to_hub,4233,frame,BP_Segment_Rot_C_4233,945.377049668,-394.955148303,-63.329458008
200,5-8,E_5_to_hub,4234,frame,BP_Segment_Rot_C_4234,927.281758803,-384.495110721,-63.636088867
201,5-8,E_5_to_hub,4235,frame,BP_Segment_Rot_C_4235,912.520891719,-369.904131512,-65.295659180
202,5-8,E_5_to_hub,4236,frame,BP_Segment_Rot_C_4236,901.514100522,-352.298748286,-68.002944336
203,5-8,E_5_to_hub,4237,frame,BP_Segment_Rot_C_4237,893.486439118,-333.168755812,-71.338803711
204,5-8,E_5_to_hub,4238,frame,BP_Segment_Rot_C_4238,887.349343592,-313.397319173,-74.982250977
205,5-8,E_5_to_hub,4239,frame,BP_Segment_Rot_C_4239,882.097380988,-293.385641021,-78.727319336
206,5-8,E_5_to_hub,4241,frame,BP_Segment_Rot_C_4241,870.408308497,-253.580754819,-85.834941406
207,5-8,E_5_to_hub,4242,frame,BP_Segment_Rot_C_4242,861.504776275,-234.834722927,-88.643945312
208,5-8,E_5_to_hub,4243,frame,BP_Segment_Rot_C_4243,849.014496772,-218.477173099,-91.943984375
209,5-8,E_5_to_hub,4244,frame,BP_Segment_Rot_C_4244,834.228798217,-205.202674308,-98.494433594
210,5-8,E_5_to_hub,4245,frame,BP_Segment_Rot_C_4245,818.158543039,-194.603177473,-106.864121094
211,5-8,E_5_to_hub,4246,frame,BP_Segment_Rot_C_4246,801.323578757,-185.582637528,-115.601406250
212,5-8,E_5_to_hub,4247,frame,BP_Segment_Rot_C_4247,783.939786950,-177.010986740,-123.649082031
213,5-8,E_5_to_hub,4249,frame,BP_Segment_Rot_C_4249,748.225262260,-157.726482444,-134.118027344
214,5-8,C_hub_to_8,5653,frame,BP_Segment_Rot_C_5653,647.398143860,-270.136620979,-117.658652344
215,5-8,C_hub_to_8,5652,frame,BP_Segment_Rot_C_5652,645.278678908,-289.781034578,-110.772871094
216,5-8,C_hub_to_8,5651,frame,BP_Segment_Rot_C_5651,641.998233666,-309.515389949,-104.234882813
217,5-8,C_hub_to_8,5650,frame,BP_Segment_Rot_C_5650,638.528323682,-329.252608170,-97.939179688
218,5-8,C_hub_to_8,5649,frame,BP_Segment_Rot_C_5649,635.608952780,-349.112725881,-91.748769531
219,5-8,C_hub_to_8,5648,frame,BP_Segment_Rot_C_5648,633.938321852,-369.119920434,-85.577539062
220,5-8,C_hub_to_8,5646,frame,BP_Segment_Rot_C_5646,637.204883589,-408.965330506,-73.192763672
221,5-8,C_hub_to_8,5645,frame,BP_Segment_Rot_C_5645,643.575909780,-427.883580918,-67.042744141
222,5-8,C_hub_to_8,5644,frame,BP_Segment_Rot_C_5644,653.367627496,-445.482836612,-60.871181641
223,5-8,C_hub_to_8,5643,frame,BP_Segment_Rot_C_5643,664.973594955,-461.936011595,-54.874746094
224,5-8,C_hub_to_8,5642,frame,BP_Segment_Rot_C_5642,677.503890760,-477.760408319,-49.067998047
225,5-8,C_hub_to_8,5641,frame,BP_Segment_Rot_C_5641,690.405359486,-493.377263166,-43.450507812
226,5-8,C_hub_to_8,5640,frame,BP_Segment_Rot_C_5640,703.219819072,-509.149135774,-38.037246094
227,5-8,C_hub_to_8,5639,frame,BP_Segment_Rot_C_5639,715.459346503,-525.464769118,-32.865429687
228,5-8,C_hub_to_8,5638,frame,BP_Segment_Rot_C_5638,726.418805045,-542.763591821,-28.029658203
229,5-8,C_hub_to_8,5637,frame,BP_Segment_Rot_C_5637,734.865688113,-561.475185859,-23.757314453
230,5-8,C_hub_to_8,5636,frame,BP_Segment_Rot_C_5636,739.190990224,-581.603043163,-20.496445313
231,5-8,C_hub_to_8,5635,frame,BP_Segment_Rot_C_5635,739.846706004,-602.438676458,-18.465517578
232,5-8,C_hub_to_8,5634,frame,BP_Segment_Rot_C_5634,737.630845274,-623.267576944,-17.472539063
233,5-8,C_hub_to_8,5633,frame,BP_Segment_Rot_C_5633,733.481865213,-643.860117871,-17.198281250
234,5-8,C_hub_to_8,5632,frame,BP_Segment_Rot_C_5632,728.272098650,-664.214454276,-17.327714844
235,5-8,C_hub_to_8,5631,frame,BP_Segment_Rot_C_5631,722.757024929,-684.488435716,-17.574365234
236,5-8,C_hub_to_8,5630,frame,BP_Segment_Rot_C_5630,717.652183656,-704.866093858,-17.663896484
237,5-8,C_hub_to_8,5629,frame,BP_Segment_Rot_C_5629,713.729531250,-725.467500000,-17.307080078
238,8-12,D_8_to_hub,5360,frame,BP_Segment_Rot_C_5360,781.189769332,-673.818204258,-5.392744141
239,8-12,D_8_to_hub,5361,frame,BP_Segment_Rot_C_5361,763.419139410,-662.605551581,-5.753408203
240,8-12,D_8_to_hub,5362,frame,BP_Segment_Rot_C_5362,744.808749648,-652.884495898,-6.817539062
241,8-12,D_8_to_hub,5363,frame,BP_Segment_Rot_C_5363,725.944851938,-643.771175498,-8.538251953
242,8-12,D_8_to_hub,5364,frame,BP_Segment_Rot_C_5364,707.466176227,-634.105321116,-10.850742187
243,8-12,D_8_to_hub,5365,frame,BP_Segment_Rot_C_5365,690.243199927,-622.527200579,-13.648203125
244,8-12,D_8_to_hub,5366,frame,BP_Segment_Rot_C_5366,675.657438114,-607.917470140,-16.702636719
245,8-12,D_8_to_hub,5367,frame,BP_Segment_Rot_C_5367,665.060628146,-590.307827477,-19.640234375
246,8-12,D_8_to_hub,5368,frame,BP_Segment_Rot_C_5368,658.612508621,-570.692203830,-22.192783203
247,8-12,D_8_to_hub,5369,frame,BP_Segment_Rot_C_5369,655.380307170,-549.787429463,-24.347714844
248,8-12,D_8_to_hub,5370,frame,BP_Segment_Rot_C_5370,652.863222282,-528.933844380,-26.447832031
249,8-12,D_8_to_hub,5371,frame,BP_Segment_Rot_C_5371,650.337368793,-508.218429708,-28.705136719
250,8-12,D_8_to_hub,5372,frame,BP_Segment_Rot_C_5372,647.826244598,-487.541497397,-31.207255859
251,8-12,D_8_to_hub,5373,frame,BP_Segment_Rot_C_5373,645.337065308,-466.830454946,-34.036406250
252,8-12,D_8_to_hub,5374,frame,BP_Segment_Rot_C_5374,642.913132116,-446.178211563,-37.261611328
253,8-12,D_8_to_hub,5375,frame,BP_Segment_Rot_C_5375,640.589105910,-425.633602529,-40.963652344
254,8-12,D_8_to_hub,5376,frame,BP_Segment_Rot_C_5376,638.391058193,-405.150256682,-45.262480469
255,8-12,D_8_to_hub,5377,frame,BP_Segment_Rot_C_5377,636.353355399,-384.810739638,-50.273750000
256,8-12,D_8_to_hub,5378,frame,BP_Segment_Rot_C_5378,634.532693167,-364.728700819,-56.145156250
257,8-12,D_8_to_hub,5379,frame,BP_Segment_Rot_C_5379,633.008515683,-345.054825198,-63.076132812
258,8-12,D_8_to_hub,5380,frame,BP_Segment_Rot_C_5380,631.858573485,-325.777613650,-71.413857422
259,8-12,D_8_to_hub,5381,frame,BP_Segment_Rot_C_5381,631.234854645,-307.320544590,-81.507148438
260,8-12,D_8_to_hub,5382,frame,BP_Segment_Rot_C_5382,631.545733216,-289.647810800,-93.027343750
261,8-12,D_8_to_hub,5383,frame,BP_Segment_Rot_C_5383,633.438919335,-272.193801149,-104.185097656
262,8-12,D_8_to_hub,5384,frame,BP_Segment_Rot_C_5384,637.204744583,-254.290563245,-114.699062500
263,8-12,D_8_to_hub,5385,frame,BP_Segment_Rot_C_5385,642.489915341,-236.072761506,-123.421816406
264,8-12,D_8_to_hub,5386,frame,BP_Segment_Rot_C_5386,648.086836125,-216.919064596,-129.595058594
265,8-12,D_8_to_hub,5387,frame,BP_Segment_Rot_C_5387,652.365670907,-196.629131152,-133.147714844
266,8-12,D_8_to_hub,5388,frame,BP_Segment_Rot_C_5388,654.439335535,-176.066292178,-134.777558594
267,8-12,H_hub_to_12,1203,frame,BP_Segment_Rot_C_1203,594.395656341,-8.116072805,-157.333007812
268,8-12,H_hub_to_12,1202,frame,BP_Segment_Rot_C_1202,575.934771337,0.633822482,-150.607246094
269,8-12,H_hub_to_12,1201,frame,BP_Segment_Rot_C_1201,557.980591658,9.130790665,-142.427031250
270,8-12,H_hub_to_12,1200,frame,BP_Segment_Rot_C_1200,541.543190689,17.882284103,-131.717460937
271,8-12,H_hub_to_12,1199,frame,BP_Segment_Rot_C_1199,525.903370099,26.201454306,-119.526562500
272,8-12,H_hub_to_12,1198,frame,BP_Segment_Rot_C_1198,509.218676417,32.981603939,-107.825449219
273,8-12,H_hub_to_12,1197,frame,BP_Segment_Rot_C_1197,490.571587644,37.455955200,-98.150820313
274,8-12,H_hub_to_12,1196,frame,BP_Segment_Rot_C_1196,471.123984092,40.461329923,-89.497617187
275,8-12,H_hub_to_12,1194,frame,BP_Segment_Rot_C_1194,430.381961557,39.406783534,-76.382856445
276,8-12,H_hub_to_12,1193,frame,BP_Segment_Rot_C_1193,409.828363606,39.844866996,-70.859956055
277,8-12,H_hub_to_12,1192,frame,BP_Segment_Rot_C_1192,390.383839303,46.265125603,-64.382993164
278,8-12,H_hub_to_12,1191,frame,BP_Segment_Rot_C_1191,372.673865523,56.530062747,-57.806186523
279,8-12,H_hub_to_12,1190,frame,BP_Segment_Rot_C_1190,357.046703251,69.893316931,-51.535649414
280,8-12,H_hub_to_12,1189,frame,BP_Segment_Rot_C_1189,344.067663902,86.055459995,-45.937651367
281,8-12,H_hub_to_12,1188,frame,BP_Segment_Rot_C_1188,334.593889444,104.577950378,-41.173315430
282,8-12,H_hub_to_12,1187,frame,BP_Segment_Rot_C_1187,327.579093981,124.538225568,-36.898637695
283,8-12,H_hub_to_12,1186,frame,BP_Segment_Rot_C_1186,322.022693977,144.904026549,-33.025629883
284,8-12,H_hub_to_12,1185,frame,BP_Segment_Rot_C_1185,317.232403027,165.590860160,-29.416938477
285,8-12,H_hub_to_12,1184,frame,BP_Segment_Rot_C_1184,312.811299253,186.390276971,-26.027016602
286,8-12,H_hub_to_12,1183,frame,BP_Segment_Rot_C_1183,308.420898219,207.225506030,-22.817719727
287,8-12,H_hub_to_12,1182,frame,BP_Segment_Rot_C_1182,303.720595058,228.032052693,-19.766889648
288,8-12,H_hub_to_12,1181,frame,BP_Segment_Rot_C_1181,298.574018923,248.621914149,-16.937446289
289,8-12,H_hub_to_12,1180,frame,BP_Segment_Rot_C_1180,293.548861839,269.379276888,-14.442338867
290,8-12,H_hub_to_12,1179,frame,BP_Segment_Rot_C_1179,288.694158794,290.203731423,-12.225893555
291,8-12,H_hub_to_12,1178,frame,BP_Segment_Rot_C_1178,283.956597855,311.081601583,-10.202797852
292,8-12,H_hub_to_12,1177,frame,BP_Segment_Rot_C_1177,279.288696554,331.985038549,-8.293203125
293,8-12,H_hub_to_12,1176,frame,BP_Segment_Rot_C_1176,274.642504016,352.895272097,-6.418666992
294,8-12,H_hub_to_12,1175,frame,BP_Segment_Rot_C_1175,269.970005856,373.795785326,-4.501250000
295,8-12,H_hub_to_12,1174,frame,BP_Segment_Rot_C_1174,265.224411100,394.662069076,-2.462944336
296,12-10,H_12_to_hub,1174,frame,BP_Segment_Rot_C_1174,265.224411100,394.662069076,-2.462944336
297,12-10,H_12_to_hub,1175,frame,BP_Segment_Rot_C_1175,269.970005856,373.795785326,-4.501250000
298,12-10,H_12_to_hub,1176,frame,BP_Segment_Rot_C_1176,274.642504016,352.895272097,-6.418666992
299,12-10,H_12_to_hub,1177,frame,BP_Segment_Rot_C_1177,279.288696554,331.985038549,-8.293203125
300,12-10,H_12_to_hub,1178,frame,BP_Segment_Rot_C_1178,283.956597855,311.081601583,-10.202797852
301,12-10,H_12_to_hub,1179,frame,BP_Segment_Rot_C_1179,288.694158794,290.203731423,-12.225893555
302,12-10,H_12_to_hub,1180,frame,BP_Segment_Rot_C_1180,293.548861839,269.379276888,-14.442338867
303,12-10,H_12_to_hub,1181,frame,BP_Segment_Rot_C_1181,298.574018923,248.621914149,-16.937446289
304,12-10,H_12_to_hub,1182,frame,BP_Segment_Rot_C_1182,303.720595058,228.032052693,-19.766889648
305,12-10,H_12_to_hub,1183,frame,BP_Segment_Rot_C_1183,308.420898219,207.225506030,-22.817719727
306,12-10,H_12_to_hub,1184,frame,BP_Segment_Rot_C_1184,312.811299253,186.390276971,-26.027016602
307,12-10,H_12_to_hub,1185,frame,BP_Segment_Rot_C_1185,317.232403027,165.590860160,-29.416938477
308,12-10,H_12_to_hub,1186,frame,BP_Segment_Rot_C_1186,322.022693977,144.904026549,-33.025629883
309,12-10,H_12_to_hub,1187,frame,BP_Segment_Rot_C_1187,327.579093981,124.538225568,-36.898637695
310,12-10,H_12_to_hub,1188,frame,BP_Segment_Rot_C_1188,334.593889444,104.577950378,-41.173315430
311,12-10,H_12_to_hub,1189,frame,BP_Segment_Rot_C_1189,344.067663902,86.055459995,-45.937651367
312,12-10,H_12_to_hub,1190,frame,BP_Segment_Rot_C_1190,357.046703251,69.893316931,-51.535649414
313,12-10,H_12_to_hub,1191,frame,BP_Segment_Rot_C_1191,372.673865523,56.530062747,-57.806186523
314,12-10,H_12_to_hub,1192,frame,BP_Segment_Rot_C_1192,390.383839303,46.265125603,-64.382993164
315,12-10,H_12_to_hub,1193,frame,BP_Segment_Rot_C_1193,409.828363606,39.844866996,-70.859956055
316,12-10,H_12_to_hub,1194,frame,BP_Segment_Rot_C_1194,430.381961557,39.406783534,-76.382856445
317,12-10,H_12_to_hub,1196,frame,BP_Segment_Rot_C_1196,471.123984092,40.461329923,-89.497617187
318,12-10,H_12_to_hub,1197,frame,BP_Segment_Rot_C_1197,490.571587644,37.455955200,-98.150820313
319,12-10,H_12_to_hub,1198,frame,BP_Segment_Rot_C_1198,509.218676417,32.981603939,-107.825449219
320,12-10,H_12_to_hub,1199,frame,BP_Segment_Rot_C_1199,525.903370099,26.201454306,-119.526562500
321,12-10,H_12_to_hub,1200,frame,BP_Segment_Rot_C_1200,541.543190689,17.882284103,-131.717460937
322,12-10,H_12_to_hub,1201,frame,BP_Segment_Rot_C_1201,557.980591658,9.130790665,-142.427031250
323,12-10,H_12_to_hub,1202,frame,BP_Segment_Rot_C_1202,575.934771337,0.633822482,-150.607246094
324,12-10,H_12_to_hub,1203,frame,BP_Segment_Rot_C_1203,594.395656341,-8.116072805,-157.333007812
325,12-10,I_hub_to_10,3927,frame,BP_Segment_Rot_C_3927,797.604871224,-56.963608714,-158.747285156
326,12-10,I_hub_to_10,3926,frame,BP_Segment_Rot_C_3926,816.125354288,-49.382840813,-152.529140625
327,12-10,I_hub_to_10,3925,frame,BP_Segment_Rot_C_3925,834.250478344,-42.813187345,-144.296660156
328,12-10,I_hub_to_10,3924,frame,BP_Segment_Rot_C_3924,851.824443716,-37.666415801,-134.979218750
329,12-10,I_hub_to_10,3923,frame,BP_Segment_Rot_C_3923,870.224602927,-34.987473212,-124.483339844
330,12-10,I_hub_to_10,3922,frame,BP_Segment_Rot_C_3922,888.440630413,-33.397287247,-114.015253906
331,12-10,I_hub_to_10,3921,frame,BP_Segment_Rot_C_3921,906.726886762,-32.085959187,-103.707402344
332,12-10,I_hub_to_10,3919,frame,BP_Segment_Rot_C_3919,943.628754116,-29.248621568,-83.844980469
333,12-10,I_hub_to_10,3918,frame,BP_Segment_Rot_C_3918,962.357329554,-27.301645852,-74.491425781
334,12-10,I_hub_to_10,3917,frame,BP_Segment_Rot_C_3917,981.362180915,-24.651718148,-65.773710937
335,12-10,I_hub_to_10,3916,frame,BP_Segment_Rot_C_3916,1000.526330190,-20.912673947,-58.070791016
336,12-10,I_hub_to_10,3915,frame,BP_Segment_Rot_C_3915,1019.723992748,-15.327226757,-52.173818359
337,12-10,I_hub_to_10,3914,frame,BP_Segment_Rot_C_3914,1038.232986045,-6.666773739,-47.757626953
338,12-10,I_hub_to_10,3913,frame,BP_Segment_Rot_C_3913,1055.552451402,4.428164211,-43.623359375
339,12-10,I_hub_to_10,3912,frame,BP_Segment_Rot_C_3912,1071.975629973,16.986320691,-39.778681641
340,12-10,I_hub_to_10,3911,frame,BP_Segment_Rot_C_3911,1087.765331570,30.407219570,-36.213896484
341,12-10,I_hub_to_10,3910,frame,BP_Segment_Rot_C_3910,1103.237351867,44.311303691,-32.926464844
342,12-10,I_hub_to_10,3909,frame,BP_Segment_Rot_C_3909,1118.602835334,58.346978373,-29.932958984
343,12-10,I_hub_to_10,3908,frame,BP_Segment_Rot_C_3908,1134.188602007,72.167913608,-27.284023438
344,12-10,I_hub_to_10,3907,frame,BP_Segment_Rot_C_3907,1150.406336628,85.245958421,-25.089570313
345,12-10,I_hub_to_10,3906,frame,BP_Segment_Rot_C_3906,1168.042976107,96.662747046,-23.643935547
346,12-10,I_hub_to_10,3905,frame,BP_Segment_Rot_C_3905,1186.662190247,106.146440402,-23.779741211
347,12-10,I_hub_to_10,3904,frame,BP_Segment_Rot_C_3904,1206.030012376,113.924865115,-25.638378906
348,12-10,I_hub_to_10,3903,frame,BP_Segment_Rot_C_3903,1225.797043610,120.209441587,-28.817988281
349,12-10,I_hub_to_10,3902,frame,BP_Segment_Rot_C_3902,1245.721652253,125.871322074,-32.366718750
350,12-10,I_hub_to_10,3901,frame,BP_Segment_Rot_C_3901,1265.570166127,132.463992212,-34.727851562
351,12-10,I_hub_to_10,3900,frame,BP_Segment_Rot_C_3900,1285.282268207,139.377189494,-36.352832031
352,12-10,I_hub_to_10,3899,frame,BP_Segment_Rot_C_3899,1305.123596625,146.001777819,-37.546074219
353,12-10,I_hub_to_10,3898,frame,BP_Segment_Rot_C_3898,1325.036718728,152.655273456,-37.768750000
354,10-7,I_10_to_hub,3898,frame,BP_Segment_Rot_C_3898,1325.036718728,152.655273456,-37.768750000
355,10-7,I_10_to_hub,3899,frame,BP_Segment_Rot_C_3899,1305.123596625,146.001777819,-37.546074219
356,10-7,I_10_to_hub,3900,frame,BP_Segment_Rot_C_3900,1285.282268207,139.377189494,-36.352832031
357,10-7,I_10_to_hub,3901,frame,BP_Segment_Rot_C_3901,1265.570166127,132.463992212,-34.727851562
358,10-7,I_10_to_hub,3902,frame,BP_Segment_Rot_C_3902,1245.721652253,125.871322074,-32.366718750
359,10-7,I_10_to_hub,3903,frame,BP_Segment_Rot_C_3903,1225.797043610,120.209441587,-28.817988281
360,10-7,I_10_to_hub,3904,frame,BP_Segment_Rot_C_3904,1206.030012376,113.924865115,-25.638378906
361,10-7,I_10_to_hub,3905,frame,BP_Segment_Rot_C_3905,1186.662190247,106.146440402,-23.779741211
362,10-7,I_10_to_hub,3906,frame,BP_Segment_Rot_C_3906,1168.042976107,96.662747046,-23.643935547
363,10-7,I_10_to_hub,3907,frame,BP_Segment_Rot_C_3907,1150.406336628,85.245958421,-25.089570313
364,10-7,I_10_to_hub,3908,frame,BP_Segment_Rot_C_3908,1134.188602007,72.167913608,-27.284023438
365,10-7,I_10_to_hub,3909,frame,BP_Segment_Rot_C_3909,1118.602835334,58.346978373,-29.932958984
366,10-7,I_10_to_hub,3910,frame,BP_Segment_Rot_C_3910,1103.237351867,44.311303691,-32.926464844
367,10-7,I_10_to_hub,3911,frame,BP_Segment_Rot_C_3911,1087.765331570,30.407219570,-36.213896484
368,10-7,I_10_to_hub,3912,frame,BP_Segment_Rot_C_3912,1071.975629973,16.986320691,-39.778681641
369,10-7,I_10_to_hub,3913,frame,BP_Segment_Rot_C_3913,1055.552451402,4.428164211,-43.623359375
370,10-7,I_10_to_hub,3914,frame,BP_Segment_Rot_C_3914,1038.232986045,-6.666773739,-47.757626953
371,10-7,I_10_to_hub,3915,frame,BP_Segment_Rot_C_3915,1019.723992748,-15.327226757,-52.173818359
372,10-7,I_10_to_hub,3916,frame,BP_Segment_Rot_C_3916,1000.526330190,-20.912673947,-58.070791016
373,10-7,I_10_to_hub,3917,frame,BP_Segment_Rot_C_3917,981.362180915,-24.651718148,-65.773710937
374,10-7,I_10_to_hub,3918,frame,BP_Segment_Rot_C_3918,962.357329554,-27.301645852,-74.491425781
375,10-7,I_10_to_hub,3919,frame,BP_Segment_Rot_C_3919,943.628754116,-29.248621568,-83.844980469
376,10-7,I_10_to_hub,3921,frame,BP_Segment_Rot_C_3921,906.726886762,-32.085959187,-103.707402344
377,10-7,I_10_to_hub,3922,frame,BP_Segment_Rot_C_3922,888.440630413,-33.397287247,-114.015253906
378,10-7,I_10_to_hub,3923,frame,BP_Segment_Rot_C_3923,870.224602927,-34.987473212,-124.483339844
379,10-7,I_10_to_hub,3924,frame,BP_Segment_Rot_C_3924,851.824443716,-37.666415801,-134.979218750
380,10-7,I_10_to_hub,3925,frame,BP_Segment_Rot_C_3925,834.250478344,-42.813187345,-144.296660156
381,10-7,I_10_to_hub,3926,frame,BP_Segment_Rot_C_3926,816.125354288,-49.382840813,-152.529140625
382,10-7,I_10_to_hub,3927,frame,BP_Segment_Rot_C_3927,797.604871224,-56.963608714,-158.747285156
383,10-7,K_hub_to_7,241,frame,BP_Segment_Rot_C_241,585.892645745,-101.013664665,-162.973750000
384,10-7,K_hub_to_7,239,frame,BP_Segment_Rot_C_239,547.084784415,-116.316754295,-158.629453125
385,10-7,K_hub_to_7,238,frame,BP_Segment_Rot_C_238,527.661820001,-123.025250178,-154.553828125
386,10-7,K_hub_to_7,237,frame,BP_Segment_Rot_C_237,507.983011494,-128.014582781,-149.335371094
387,10-7,K_hub_to_7,236,frame,BP_Segment_Rot_C_236,488.130165028,-130.882412712,-143.246582031
388,10-7,K_hub_to_7,235,frame,BP_Segment_Rot_C_235,468.324408365,-130.960599327,-136.183730469
389,10-7,K_hub_to_7,234,frame,BP_Segment_Rot_C_234,449.188992673,-128.296368624,-128.135917969
390,10-7,K_hub_to_7,233,frame,BP_Segment_Rot_C_233,430.405035692,-124.335615444,-119.563750000
391,10-7,K_hub_to_7,232,frame,BP_Segment_Rot_C_232,411.810348036,-119.919839394,-110.738437500
392,10-7,K_hub_to_7,230,frame,BP_Segment_Rot_C_230,374.477715327,-112.082830468,-92.928466797
393,10-7,K_hub_to_7,229,frame,BP_Segment_Rot_C_229,355.445045784,-109.910218036,-84.252880859
394,10-7,K_hub_to_7,228,frame,BP_Segment_Rot_C_228,336.122231726,-110.104771155,-76.103339844
395,10-7,K_hub_to_7,227,frame,BP_Segment_Rot_C_227,316.869670279,-114.071349631,-69.083027344
396,10-7,K_hub_to_7,226,frame,BP_Segment_Rot_C_226,298.784431260,-123.063095841,-63.870781250
397,10-7,K_hub_to_7,225,frame,BP_Segment_Rot_C_225,282.599025107,-135.827676495,-60.266269531
398,10-7,K_hub_to_7,224,frame,BP_Segment_Rot_C_224,267.946217685,-150.667323554,-57.769882813
399,10-7,K_hub_to_7,223,frame,BP_Segment_Rot_C_223,254.263039914,-166.547300905,-55.948085937
400,10-7,K_hub_to_7,222,frame,BP_Segment_Rot_C_222,241.015713828,-182.841560454,-54.468144531
401,10-7,K_hub_to_7,221,frame,BP_Segment_Rot_C_221,227.703544556,-199.084219235,-53.051445313
402,10-7,K_hub_to_7,220,frame,BP_Segment_Rot_C_220,213.811744787,-214.783558556,-51.417900391
403,10-7,K_hub_to_7,219,frame,BP_Segment_Rot_C_219,198.761232386,-229.217496795,-49.227089844
404,10-7,K_hub_to_7,218,frame,BP_Segment_Rot_C_218,181.928162793,-241.139453552,-46.023066406
405,10-7,K_hub_to_7,217,frame,BP_Segment_Rot_C_217,163.434368210,-249.913653726,-41.593515625
406,10-7,K_hub_to_7,216,frame,BP_Segment_Rot_C_216,144.164878463,-256.502343384,-36.404267578
407,10-7,K_hub_to_7,215,frame,BP_Segment_Rot_C_215,124.514336994,-261.539765467,-30.812353516
408,10-7,K_hub_to_7,214,frame,BP_Segment_Rot_C_214,104.670670653,-265.502481278,-25.067099609
409,10-7,K_hub_to_7,213,frame,BP_Segment_Rot_C_213,84.746994713,-268.780448907,-19.392919922
410,10-7,K_hub_to_7,212,frame,BP_Segment_Rot_C_212,64.525355284,-271.821269975,-13.992060547
411,10-7,K_hub_to_7,211,frame,BP_Segment_Rot_C_211,44.299950042,-275.243691992,-9.475668945
412,10-7,K_hub_to_7,210,frame,BP_Segment_Rot_C_210,24.299155037,-280.677754077,-7.314785156
413,10-7,K_hub_to_7,209,frame,BP_Segment_Rot_C_209,4.306304819,-286.797246190,-6.148032227
